N528  49 DB 38/2542èCóù,DB,N528-38/2,-1,JUC000000045,2019/11/10,2019/11/05
N528       41    ª      18/5166,,N528-41,1,JUC000000009,2019/11/19,2019/11/05
N181    X  03           28/2522,X,N181E-03,1,JUC000000108,2019/11/19,2019/11/05
S307       48           18/3808,,S307-48,1,JUC000000070,2019/11/21,2019/11/05
N181    X  11           T7179,X,N181E-11,1,JUC000000079,2019/11/21,2019/11/05
N181    X  12           T7179,X,N181E-12,1,JUC000000079,2019/11/21,2019/11/05
N528       49       BW  L3/518        2,,N528-49,1,JUC000000106,2019/11/21,2019/11/05
N528       42       GY  38/6178,,N528-42,1,JUC000000057,2019/11/22,2019/11/05
N528       49       GY  38/6178,,N528-49,1,JUC000000057,2019/11/22,2019/11/05
N528       41       DB  22/5600,,N528-41,1,JUC000000105,2019/11/23,2019/11/05
N528       50       DB  22/5600,,N528-50,1,JUC000000105,2019/11/23,2019/11/05
N528       17       DB  22/5600,,N528-17,1,JUC000000105,2019/11/23,2019/11/05
D528             F,,D528-,1,JUC000000073,2019/11/25,2019/11/05
N264    AN 20           22/2459       1,AN,N264-20,2,JUC000000073,2019/11/25,2019/11/05
H287    N  60           28/4161,N,H287-60,4,JUC000000082,2019/11/25,2019/11/05
H287    N  25           28/4161,N,H287-25,1,JUC000000082,2019/11/25,2019/11/05
¥—√ﬁ›ºﬁÆ≤›ƒ,≤›ƒ,¥—√ﬁ›ºﬁÆ-,8,JUC000000082,2019/11/25,2019/11/05
T517    N  09           38/4228,N,T517N-09,1,JUC000000086,2019/11/25,2019/11/05
T517    N  08           L3/513         2,N,T517N-08,1,JUC000000090,2019/11/25,2019/11/05
T517    N  17L          L3/513        2,N,T517-17L,1,JUC000000090,2019/11/25,2019/11/05
T517    N  10           L3/513        2,N,T517N-10,1,JUC000000090,2019/11/25,2019/11/05
T517    N  08           38/4228,N,T517N-08,1,JUC000000095,2019/11/25,2019/11/05
T623    HN 03    ªL     22/5310,HN,T623H-03,1,JUC000000104,2019/11/25,2019/11/05
T623    HN 03    ªR     22/5310,HN,T623H-03,1,JUC000000104,2019/11/25,2019/11/05
N264    AN 50L          28/4162,AN,N264-50L,1,JUC000000071,2019/11/26,2019/11/05
N264       36           28/4162,,N264-36,2,JUC000000071,2019/11/26,2019/11/05
N264    AN 06           38/2690        1,AN,N264-06,1,JUC000000081,2019/11/26,2019/11/05
N264    AN 17S          38/2690        1,AN,N264-17S,1,JUC000000081,2019/11/26,2019/11/05
N264       36           38/2690,,N264-36,1,JUC000000081,2019/11/26,2019/11/05
SNS     N  TS3          GN0T    KOKUYO,N,SNS-TS3,2,JUC000000029,2019/11/27,2019/11/05
N528       41       GY  38/6178,,N528-41,1,JUC000000049,2019/11/28,2019/11/05
N528       50       GY  38/6178,,N528-50,1,JUC000000049,2019/11/28,2019/11/05
T043    W  03    ªLC    48/6002,W,T043W-03,1,JUC000000107,2019/11/28,2019/11/05
T043    W  03    ªRC    48/6002,W,T043W-03,1,JUC000000107,2019/11/28,2019/11/05
SNS     N  TS2          GN65    KOKUYO,N,SNS-TS2,2,JUC000000149,2019/11/28,2019/11/06
N264    BN 49S      NA  22/5600,BN,N264-49S,1,JUC000000141,2019/12/13,2019/11/06
T969    HN 06           10/1006,HN,T969H-06,1,JUC000000145,2019/12/13,2019/11/06
N528       41       BW  38/2690,,N528-41,1,JUC000000132,2019/12/23,2019/11/06
N528       50       BW  38/2690,,N528-50,1,JUC000000132,2019/12/23,2019/11/06
N528       26           38/2690,,N528-26,1,JUC000000134,2019/12/23,2019/11/06
N264    AN 17S          DIN/CHR       1,AN,N264-17S,1,JUC000000152,2019/12/24,2019/11/06
N528       50       DB  48/2608,,N528-50,1,JUC000000030,2044/12/31,2019/11/05
N528       17       DB  48/2608,,N528-17,1,JUC000000030,2044/12/31,2019/11/05
N264    AN 50S          38/2546,AN,N264-50S,1,JUC000000033,2044/12/31,2019/11/05
N264    AN 07           38/2546,AN,N264-07,1,JUC000000033,2044/12/31,2019/11/05
N264       36           38/2546,,N264-36,2,JUC000000033,2044/12/31,2019/11/05
N528       49       BW  48/2608,,N528-49,1,JUC000000035,2044/12/31,2019/11/05
N528       17       BW  48/2608,,N528-17,1,JUC000000035,2044/12/31,2019/11/05
N528       26           48/2608,,N528-26,1,JUC000000035,2044/12/31,2019/11/05
N528       50       GY  38/6178,,N528-50,1,JUC000000042,2044/12/31,2019/11/05
N528       17       GY  38/6178,,N528-17,1,JUC000000042,2044/12/31,2019/11/05
N338       36           38/6178,,N264-36,2,JUC000000042,2044/12/31,2019/11/05
F756    E  44    T      22/2459,E,F756N-44T,1,JUC000000076,2044/12/31,2019/11/05
N528       41S      DB  48/2608,,N528-41S,1,JUC000000084,2044/12/31,2019/11/05
N528       50       DB  48/2608,,N528-50,1,JUC000000084,2044/12/31,2019/11/05
N528       26           48/2608,,N528-26,2,JUC000000084,2044/12/31,2019/11/05
N528       17       DB  48/2608,,N528-17,1,JUC000000084,2044/12/31,2019/11/05
N264    AN 07           38/2352,AN,N264-07,1,JUC000000088,2044/12/31,2019/11/05
N264    AN 50L          38/2352,AN,N264-50L,1,JUC000000088,2044/12/31,2019/11/05
N264       36           38/2352,,N264-36,2,JUC000000088,2044/12/31,2019/11/05
N528       50       NA  28/8807,,N528-50,1,JUC000000097,2044/12/31,2019/11/05
N264    AN 49S          38/2690,AN,N264-49S,1,JUC000000151,2044/12/31,2019/11/06
N264       36           38/2690,,N264-36,1,JUC000000151,2044/12/31,2019/11/06
N528       50       BW  L3/515        2,,N528-50,1,JUC000000156,2044/12/31,2019/11/06
N528       41       BW  L3/515        2,,N528-41,1,JUC000000156,2044/12/31,2019/11/06
N528       50       DB  38/6178,,N528-50,1,JUC000000158,2044/12/31,2019/11/06
N528       41S      DB  38/6178,,N528-41S,1,JUC000000158,2044/12/31,2019/11/06
N528       26           38/6178,,N528-26,1,JUC000000158,2044/12/31,2019/11/06
T517    N  49           38/6178,N,T517N-49,1,JUC000000160,2044/12/31,2019/11/06
T517    N  17S          38/6178,N,T517-17S,1,JUC000000160,2044/12/31,2019/11/06
N528       49       GY  48/2608,,N528-49,1,JUC000000162,2044/12/31,2019/11/06
N528       17       GY  48/2608,,N528-17,1,JUC000000162,2044/12/31,2019/11/06
N528       42       BW  48/2608,,N528-42,1,JUC000000165,2044/12/31,2019/11/06
N528       49       BW  48/2608,,N528-49,1,JUC000000165,2044/12/31,2019/11/06
N528       26           48/2608,,N528-26,2,JUC000000165,2044/12/31,2019/11/06
N528       42S      DB  48/2608,,N528-42S,1,JUC000000166,2044/12/31,2019/11/06
N528       49       DB  48/2608,,N528-49,1,JUC000000166,2044/12/31,2019/11/06
N264    AN 50L          38/6178,AN,N264-50L,1,JUC000000167,2044/12/31,2019/11/06
N264    AN 17S          38/6178,AN,N264-17S,1,JUC000000167,2044/12/31,2019/11/06
N264       36           38/6178,,N264-36,2,JUC000000167,2044/12/31,2019/11/06
N528       50       NA  22/5508,,N528-50,1,JUC000000169,2044/12/31,2019/11/06
N528       26           22/5508,,N528-26,2,JUC000000169,2044/12/31,2019/11/06
N528       49       DB  28/2520,,N528-49,1,JUC000000171,2044/12/31,2019/11/06
N528       26           28/2520,,N528-26,1,JUC000000171,2044/12/31,2019/11/06
F780    B  08       DB  18/3929,B,F780-08,1,JUC000000176,2044/12/31,2019/11/06
F780    B  931      DB  18/3929,B,F780-931,1,JUC000000176,2044/12/31,2019/11/06
N338       50       DB  22/5509,,N338-50,1,JUC000000179,2044/12/31,2019/11/06
N338       36           22/2601,,N264-36,1,JUC000000179,2044/12/31,2019/11/06
N528       41S      DB  22/5507,,N528-41S,1,JUC000000185,2044/12/31,2019/11/06
N528       50       DB  22/5507,,N528-50,1,JUC000000185,2044/12/31,2019/11/06
N528       50       GY  38/6178,,N528-50,1,JUC000000186,2044/12/31,2019/11/06
N528       26           38/6178,,N528-26,2,JUC000000186,2044/12/31,2019/11/06
D528             F,,D528-,1,JUC000000189,2044/12/31,2019/11/06
N528       42       BW  38/6178,,N528-42,1,JUC000000191,2044/12/31,2019/11/06
N528       49       BW  38/6178,,N528-49,1,JUC000000191,2044/12/31,2019/11/06
N528       26           38/6178,,N528-26,1,JUC000000191,2044/12/31,2019/11/06
N528       50       BW  38/6178,,N528-50,1,JUC000000194,2044/12/31,2019/11/06
N528       26           38/6178,,N528-26,1,JUC000000194,2044/12/31,2019/11/06
F756    E  20       DB  18/5166,E,F756N-20,1,JUC000000195,2044/12/31,2019/11/06
N528       41S      DB  22/5508,,N528-41S,1,JUC000000196,2044/12/31,2019/11/06
N528       50       DB  22/5508,,N528-50,1,JUC000000196,2044/12/31,2019/11/06
N528       26           22/5508,,N528-26,1,JUC000000196,2044/12/31,2019/11/06
N528       49    GB BW  2000,,N528-49,1,JUC000000011,2055/05/05,2019/11/05
N528       42       BW  38/4228,,N528-42,1,JUC000000037,2055/05/05,2019/11/05
N181    X  03           L1/216,X,N181E-03,1,JUC000000041,2055/05/05,2019/11/05
N528  49 DB 38/2542èCóù,DB,N528-38/2,1,JUC000000046,2055/05/05,2019/11/05
T723    AE 03           28/4162,AE,T723-03,1,JUC000000048,2055/05/05,2019/11/05
T723    AE 17           28/4162,AE,T723-17,1,JUC000000048,2055/05/05,2019/11/05
N338       17       BW  38/4222,,N338-17,1,JUC000000061,2055/05/05,2019/11/05
T745       03    ªLC    22/5312,,T745-03,1,JUC000000069,2055/05/05,2019/11/05
T745       03    ªRC    22/5312,,T745-03,1,JUC000000069,2055/05/05,2019/11/05
N528       41S      DB  L3/511         2,,N528-41S,1,JUC000000080,2055/05/05,2019/11/05
N528       50       DB  L3/511         2,,N528-50,1,JUC000000080,2055/05/05,2019/11/05
N528       26           L3/511        2,,N528-26,2,JUC000000080,2055/05/05,2019/11/05
N181    X  11           TL1605,X,N181E-11,1,JUC000000091,2055/05/05,2019/11/05
N181    X  12           TL1605,X,N181E-12,1,JUC000000091,2055/05/05,2019/11/05
N528       42       GY  22/5509,,N528-42,1,JUC000000102,2055/05/05,2019/11/05
N528       49       GY  22/5509,,N528-49,1,JUC000000102,2055/05/05,2019/11/05
N528       26           22/5509,,N528-26,1,JUC000000102,2055/05/05,2019/11/05
N528       42S      GY  T7182,,N528-42S,1,JUC000000153,2055/05/05,2019/11/06
N528       49       GY  T7182,,N528-49,1,JUC000000153,2055/05/05,2019/11/06
N528       17       GY  T7182,,N528-17,1,JUC000000153,2055/05/05,2019/11/06
P231    W  01           L1/218,W,P231-01,1,JUC000000163,2055/05/05,2019/11/06
T428       03           22/2807,,T428-03,1,JUC000000184,2055/05/05,2019/11/06
N528       41       BW  38/2568,,N528-41,1,JUC000000187,2055/05/05,2019/11/06
N528       50       BW  38/2568,,N528-50,1,JUC000000187,2055/05/05,2019/11/06
N528       26           38/2568,,N528-26,1,JUC000000187,2055/05/05,2019/11/06
N528       41       GY  38/2558,,N528-41,1,JUC000000032,2055/12/31,2019/11/05
N528       50       GY  38/2558,,N528-50,1,JUC000000032,2055/12/31,2019/11/05
N528       41       GY  48/2600,,N528-41,1,JUC000000043,2055/12/31,2019/11/05
N528       50       GY  48/2600,,N528-50,1,JUC000000043,2055/12/31,2019/11/05
N528       26           48/2600,,N528-26,1,JUC000000043,2055/12/31,2019/11/05
Y714    5B 16F          22/280222/2802,5B,Y714-16F,1,JUC000000044,2055/12/31,2019/11/05
F242       17L          48/2009,,F242-17L,1,JUC000000190,2055/12/31,2019/11/06
