before, after
N181W, N181E
EL003-06,T333-06
EL003-07,T333-07
EL003-01,T333-01
N666H,N666CHE
N666S,N666CSW
T669-03,T662-03
N387-26,N528-26
N338-36,N264-36
Y610-14F,Y611-14AF
N560-10,N561-10
TI523,T523
T323W,T323N
EL030,EL030N
T306,T306E
F756,F756N
N561-10,N560-10
Y610-12F,Y611-12BF
T623S-03,T623N-03N
T623S-17,T623-17
D330-01T,D330-01
N216-17,N216N-17
N666-38,N666E-38
T623S-50,T623-50
T623S-06,T623N-06N
T725,T725N
EL025-38,EL025-38U
N560CN-10,N561-10
CN-W922-L,CN-W922L
CN-W922-R,CN-W922R
T623S-01,T623-01
T623S-09,T623N-09N
T623S-10,T623-10
T623S-11,T623-11
T623S-12,T623-12
T623S-49,T623-49
Y610-16F,Y611N-16BF
Y611-12BF,Y611N-12BF
CE311,CE311N
CE313,CE313N
EL502-01T,EL502-01
T359H-02,T359-02H
P231W-01,P231-01
N744-35,N744-35U
N744-36,N744-36U
N744-37,N744-37U
N744-38,N744-38U
EL003-03T,EL003-03TN
T623S-08,T623N-08N
N181-01,N181N-01
N181-03,N181E-03
N181-10,N181E-10
N181-11,N181E-11
N181-12,N181E-12
T623S-07,T623N-07N
N252-50ST,N252N-50ST
Y745-12F,Y745N-12F
T623S-02,T623N-02N
N068S-12,N068-12
Y610-10F,Y611N-10BF
D330-10,D330-N10
Y611-14AF,Y611N-14BF
Y745-14F,Y745N-14F
P231S-01,P231-01
T359S-03,T359-03S
Y611N-16BF,Y611N-16AF
CN-W922-0,CN-W922
N252-06LT,N252N-06LT
N252-49ST,N252N-49ST
T517-06,T517N-06
T517-07,T517N-07
T517-08,T517N-08
T517-09,T517N-09
T517-49,T517N-49
T517-50,T517N-50
T323H-01,T323HN-01
T323H-02,T323HN-02
T359S-03,T359-03S
Y611N-16BF,Y611N-16AF
T517-10,T517N-10